precision,accuracy,recall,f1,duration
0.9512195121951219,0.9666666666666667,0.9759036144578312,0.9620132953466287,33.31162714958191
