precision,accuracy,recall,f1,duration,prediction_time
0.96875,0.978405315614618,0.9840294840294841,0.9757561113124723,0.0,0.11878299713134766
