precision,accuracy,recall,f1,duration
0.325,0.65,0.5,0.393939393939394,13.003714084625244
