precision,accuracy,recall,f1,duration
0.9717696097006442,0.975,0.9611111111111111,0.9662889783687612,284.58123779296875
