precision,accuracy,recall,f1,duration
0.764378478664193,0.8166666666666667,0.7111111111111111,0.7299509001636661,8.381235599517822
