precision,accuracy,recall,f1,duration,prediction_time
0.6152917505030181,0.6810631229235881,0.5758079758079758,0.5738053097345133,0.0,1.198777675628662
