precision,accuracy,recall,f1,duration
0.8775510204081632,0.9,0.927710843373494,0.8912715191784959,54.40431261062622
