precision,accuracy,recall,f1,duration,prediction_time
0.9924242424242424,0.9950166112956811,0.9963144963144963,0.9943336376728382,0.0,1.2105653285980225
