precision,accuracy,recall,f1,duration
0.9285714285714286,0.8916666666666667,0.8452380952380952,0.8699891657638137,8.100455045700073
