precision,accuracy,recall,f1,duration
0.8181818181818181,0.8,0.8461538461538461,0.797979797979798,8.05139446258545
