precision,accuracy,recall,f1,duration,prediction_time
0.3380398671096346,0.6760797342192691,0.5,0.40336967294350845,0.0,22.539125442504883
