precision,accuracy,recall,f1,duration
0.9782608695652174,0.9833333333333333,0.986842105263158,0.9822222222222221,22.161736011505127
