precision,accuracy,recall,f1,duration
0.8423423423423424,0.7083333333333334,0.6022727272727273,0.5762284330541823,19.504088163375854
