precision,accuracy,recall,f1,duration
0.8958333333333333,0.8333333333333334,0.7727272727272727,0.7948016415868673,20.78738832473755
