precision,accuracy,recall,f1,duration
0.8845475910693302,0.9083333333333333,0.9262455226310649,0.8987030926252781,27.065065622329712
