best_model_train_loss,best_model_val_loss,best_model_train_acc,best_model_val_acc,best_model_learning_rate,best_model_nb_epoch
0.03960422798991203,0.03139674663543701,0.9895833134651184,0.9916666746139526,0.0024999999441206455,55
