precision,accuracy,recall,f1,duration
0.3458333333333333,0.6916666666666667,0.5,0.4088669950738916,12.10678768157959
