precision,accuracy,recall,f1,duration,prediction_time
0.9974489795918368,0.9983388704318937,0.9987714987714988,0.9981062214714219,0.0,1.3898911476135254
