precision,accuracy,recall,f1,duration
0.9814814814814814,0.975,0.9642857142857143,0.9720475192173306,189.45456671714783
