precision,accuracy,recall,f1,duration
0.9698795180722892,0.9583333333333334,0.9404761904761905,0.9528264800691878,180.7156982421875
