precision,accuracy,recall,f1,duration
0.975609756097561,0.9666666666666667,0.9523809523809523,0.9625,192.15889978408813
