precision,accuracy,recall,f1,duration
0.9878048780487805,0.9833333333333333,0.975,0.9810066476733144,183.54550170898438
