precision,accuracy,recall,f1,duration
0.9888888888888889,0.9916666666666667,0.993421052631579,0.9910707641937644,6.416902780532837
