precision,accuracy,recall,f1,duration,prediction_time
0.8339041095890412,0.8388704318936877,0.8808353808353808,0.8327677208537742,0.0,1.2861239910125732
