precision,accuracy,recall,f1,duration
0.9487179487179487,0.9666666666666667,0.9764705882352941,0.9609247802018887,11.927412509918213
