precision,accuracy,recall,f1,duration,prediction_time
0.9352678571428572,0.9518272425249169,0.9643734643734644,0.9469224571697855,0.0,1.2640960216522217
