precision,accuracy,recall,f1,duration
0.8571428571428572,0.8833333333333333,0.9176470588235295,0.8717948717948718,22.842055559158325
