precision,accuracy,recall,f1,duration
0.9941860465116279,0.9916666666666667,0.9857142857142858,0.9898296465802185,43.40236854553223
