precision,accuracy,recall,f1,duration
0.9936708860759493,0.9916666666666667,0.9880952380952381,0.9907911902386617,183.15205454826355
