precision,accuracy,recall,f1,duration
0.9875,0.9833333333333333,0.9761904761904762,0.9814757641247298,189.26394081115723
