precision,accuracy,recall,f1,duration
0.9861111111111112,0.9916666666666667,0.9941176470588236,0.9899991665972163,6.550026893615723
