precision,accuracy,recall,f1,duration
0.9591836734693877,0.9333333333333333,0.8666666666666667,0.9018003273322421,1563.2976732254028
