precision,accuracy,recall,f1,duration
0.9787234042553192,0.9666666666666667,0.9333333333333333,0.9534161490683231,614.6826064586639
