precision,accuracy,recall,f1,duration
0.9021739130434783,0.925,0.9457831325301205,0.9171207121479549,1.856053352355957
