precision,accuracy,recall,f1,duration
0.9207920792079207,0.8666666666666667,0.7714285714285714,0.8088410991636799,216.9413080215454
