precision,accuracy,recall,f1,duration
0.925,0.875,0.7857142857142857,0.8230958230958231,211.73383283615112
