precision,accuracy,recall,f1,duration
0.8557692307692308,0.875,0.9096385542168675,0.8660614629064662,26.382272005081177
