precision,accuracy,recall,f1,duration
0.8936170212765957,0.9166666666666666,0.9397590361445782,0.9084249084249085,24.027774333953857
