best_model_train_loss,best_model_val_loss,best_model_train_acc,best_model_val_acc,best_model_learning_rate,best_model_nb_epoch
0.04525946453213692,0.7324343323707581,0.9895833134651184,0.36666667461395264,0.0005000000237487257,19
