precision,accuracy,recall,f1,duration
0.6663865546218487,0.7416666666666667,0.6833333333333333,0.672967032967033,14.44854187965393
