precision,accuracy,recall,f1,duration,prediction_time
0.6539115646258503,0.7026578073089701,0.5957852957852958,0.5962955608920926,0.0,1.2164952754974365
