precision,accuracy,recall,f1,duration
0.6875,0.75,0.7222222222222222,0.6974789915966387,12.664825201034546
