precision,accuracy,recall,f1,duration
0.9117647058823529,0.925,0.9423076923076923,0.9210006583278472,14.149115324020386
