precision,accuracy,recall,f1,duration
0.875,0.8833333333333333,0.9102564102564102,0.8792756539235412,20.975571155548096
