precision,accuracy,recall,f1,duration
0.8845693779904307,0.9083333333333333,0.9187561055030935,0.8975075704635452,28.13979148864746
