precision,accuracy,recall,f1,duration
0.8859649122807017,0.8916666666666667,0.9144736842105263,0.8888809744283781,10.329788208007812
