precision,accuracy,recall,f1,duration
0.72,0.5333333333333333,0.631578947368421,0.513888888888889,10.286136150360107
