precision,accuracy,recall,f1,duration
0.9705882352941176,0.9583333333333334,0.9375,0.9515151515151515,181.5284833908081
