precision,accuracy,recall,f1,duration
0.9761904761904762,0.9666666666666667,0.95,0.9614890885750963,193.03676962852478
