precision,accuracy,recall,f1,duration
0.9545454545454546,0.9333333333333333,0.9,0.9206349206349207,185.90152263641357
