precision,accuracy,recall,f1,duration
0.9945054945054945,0.9916666666666667,0.9833333333333334,0.988762992789587,4.879520416259766
