precision,accuracy,recall,f1,duration
0.7112676056338028,0.6583333333333333,0.7722222222222221,0.6495476885818079,21.539952754974365
