precision,accuracy,recall,f1,duration
0.8577586206896552,0.725,0.5540540540540541,0.5146464027454345,9.151835441589355
