precision,accuracy,recall,f1,duration,prediction_time
0.84375,0.6926910299003323,0.5256410256410257,0.4561878952122854,0.0,1.2620735168457031
