precision,accuracy,recall,f1,duration
0.9871794871794872,0.9833333333333333,0.9772727272727273,0.9818785865297492,207.2785837650299
