precision,accuracy,recall,f1,duration
0.9820574162679425,0.9833333333333333,0.9820574162679425,0.9820574162679425,215.29578471183777
