precision,accuracy,recall,f1,duration
0.9810126582278481,0.975,0.9659090909090908,0.9726755218216319,211.34714555740356
