precision,accuracy,recall,f1,duration
0.9885057471264368,0.9833333333333333,0.9714285714285714,0.9794801641586868,8.854145765304565
