precision,accuracy,recall,f1,duration,prediction_time
0.9925177845528455,0.9916943521594684,0.9885150885150885,0.9904800761593906,0.0,1.2319257259368896
