precision,accuracy,recall,f1,duration
0.7727272727272727,0.7916666666666666,0.8611111111111112,0.7722960151802656,11.364012718200684
