precision,accuracy,recall,f1,duration
0.9938271604938271,0.9916666666666667,0.9875,0.9905652960138376,21.311432600021362
