precision,accuracy,recall,f1,duration
0.8933333333333333,0.9166666666666666,0.932269619016607,0.9073788206236493,39.79726791381836
