precision,accuracy,recall,f1,duration,prediction_time
0.9949238578680203,0.9966777408637874,0.9975429975429975,0.9962174524982407,0.0,0.5021677017211914
