precision,accuracy,recall,f1,duration
0.9878048780487805,0.9916666666666667,0.99375,0.9906825064057768,247.12501001358032
