precision,accuracy,recall,f1,duration
0.9381443298969072,0.9,0.8285714285714285,0.8635846911708981,209.27111315727234
