precision,accuracy,recall,f1,duration
0.956989247311828,0.9333333333333333,0.8857142857142857,0.9130119608553824,218.59195351600647
