precision,accuracy,recall,f1,duration
0.9521276595744681,0.925,0.8714285714285714,0.9010898433922521,215.0966935157776
