precision,accuracy,recall,f1,duration
0.7763157894736843,0.7166666666666667,0.782051282051282,0.7165879410947485,8.398190975189209
