precision,accuracy,recall,f1,duration
0.7592592592592593,0.675,0.75,0.6747967479674797,8.084347486495972
