precision,accuracy,recall,f1,duration
0.8088235294117647,0.7833333333333333,0.8333333333333333,0.7818181818181819,8.05954122543335
