precision,accuracy,recall,f1,duration
0.9891304347826086,0.9833333333333333,0.9666666666666667,0.9772641151951498,627.0271849632263
