precision,accuracy,recall,f1,duration
0.9736842105263157,0.9583333333333334,0.9166666666666667,0.941031941031941,649.547426700592
