precision,accuracy,recall,f1,duration
0.96875,0.95,0.9,0.9283154121863799,450.233939409256
