precision,accuracy,recall,f1,duration
0.375,0.75,0.5,0.42857142857142855,455.3093478679657
