precision,accuracy,recall,f1,duration
0.9838709677419355,0.975,0.95,0.9654874892148404,737.8208799362183
