precision,accuracy,recall,f1,duration
0.9940476190476191,0.9916666666666667,0.9864864864864865,0.990156672955459,65.75133919715881
