precision,accuracy,recall,f1,duration
0.7142857142857143,0.75,0.7777777777777778,0.71875,17.327523231506348
