precision,accuracy,recall,f1,duration
0.74,0.8,0.6777777777777778,0.6968421052631579,17.71297287940979
