precision,accuracy,recall,f1,duration
0.7688172043010753,0.825,0.75,0.7584124245038827,38.84179759025574
