precision,accuracy,recall,f1,duration,prediction_time
0.9949717000202143,0.9950166112956811,0.9936432936432937,0.9943034680713485,0.0,0.11939716339111328
