precision,accuracy,recall,f1,duration
0.8333333333333333,0.8333333333333334,0.875,0.8285714285714285,8.393610954284668
