precision,accuracy,recall,f1,duration
0.7666666666666666,0.7083333333333334,0.78125,0.7078260869565218,8.386212825775146
