precision,accuracy,recall,f1,duration
0.8125,0.85,0.9,0.8290598290598291,16.028642654418945
