precision,accuracy,recall,f1,duration
0.7525252525252525,0.8083333333333333,0.6944444444444444,0.7136632430750078,26.291633129119873
