precision,accuracy,recall,f1,duration
0.8166069295101552,0.8583333333333333,0.7944444444444445,0.8044291055507622,41.18478965759277
