precision,accuracy,recall,f1,duration
0.8928571428571428,0.9,0.9210526315789473,0.8971428571428571,25.330763578414917
