precision,accuracy,recall,f1,duration
0.95625,0.95,0.9366028708133971,0.945054945054945,214.71087980270386
