precision,accuracy,recall,f1,duration
0.9470588235294117,0.925,0.8977272727272727,0.9150876641245381,232.16352343559265
