precision,accuracy,recall,f1,duration
0.975,0.9666666666666667,0.9545454545454546,0.9633699633699633,231.91451573371887
