precision,accuracy,recall,f1,duration
0.9688644688644689,0.9666666666666667,0.9593301435406698,0.9637571730594987,211.16412091255188
