precision,accuracy,recall,f1,duration
0.8723404255319149,0.9,0.9294117647058824,0.8888545847483791,18.56317114830017
