precision,accuracy,recall,f1,duration
0.8245614035087719,0.8333333333333334,0.8795180722891567,0.8251238705916641,201.624525308609
