precision,accuracy,recall,f1,duration
0.9111111111111111,0.9333333333333333,0.9518072289156627,0.9259030564989195,37.23841094970703
