precision,accuracy,recall,f1,duration,prediction_time
0.9391891891891893,0.9551495016611296,0.9668304668304668,0.9504721508688856,0.0,0.11712813377380371
