best_model_train_loss,best_model_val_loss,best_model_train_acc,best_model_val_acc,best_model_learning_rate,best_model_nb_epoch
0.3243720233440399,0.33915117383003235,0.8229166865348816,0.7916666865348816,0.0005000000237487257,293
